layer1_hypothesisfamily,layer2_treatmentcontrast,layer3_specificoutcome,p.adj,est,se
mwpolicy,overall,overall,1.40992540491495e-10,,
mwpolicy,attitude.pro:recsys.pi - attitude.pro:recsys.pc,overall,0.55502699665063,,
mwpolicy,attitude.pro:recsys.pi - attitude.pro:recsys.pc,mw_index,,-0.00582976987409375,0.00650006128759399
mwpolicy,attitude.anti:recsys.ai - attitude.anti:recsys.ac,overall,0.235147507272064,,
mwpolicy,attitude.anti:recsys.ai - attitude.anti:recsys.ac,mw_index,,0.0215699663149517,0.0137694635219023
mwpolicy,attitude.neutral:recsys.pi - attitude.neutral:recsys.pc,overall,0.574939353549043,,
mwpolicy,attitude.neutral:recsys.pi - attitude.neutral:recsys.pc,mw_index,,-0.0100464013259987,0.0141895593500853
mwpolicy,attitude.neutral:recsys.ai - attitude.neutral:recsys.ac,overall,0.948808012117464,,
mwpolicy,attitude.neutral:recsys.ai - attitude.neutral:recsys.ac,mw_index,,0.00154006059313289,0.0239805471051232
mwpolicy,attitude.neutral:recsys.ai - attitude.neutral:recsys.pi,overall,1.40992540491495e-10,,
mwpolicy,attitude.neutral:recsys.ai - attitude.neutral:recsys.pi,mw_index,7.04962702457475e-11,0.128796934991057,0.0190352428429005
mwpolicy,attitude.neutral:recsys.ac - attitude.neutral:recsys.pc,overall,3.54638090067638e-08,,
mwpolicy,attitude.neutral:recsys.ac - attitude.neutral:recsys.pc,mw_index,3.54638090067638e-08,0.117210473071926,0.0203680355431278
