study_key,study_label,family_key,family_label,contrast_key,contrast_label,contrast_display,outcome,estimate,stderr,ci_low,ci_high,p_value,mde,n,p_adjusted,layer1_p_adjusted,layer2_p_adjusted
study1,Study 1 – Gun Control (MTurk),platform,Platform interactions,ideologues_liberal,Ideologues (liberal),True,pro_fraction_chosen,-0.05196969498240417,0.021585595985127545,-0.09427746311325416,-0.009661926851554183,0.016057327674869892,0.060473886636091954,1532,,0.00022438753289577562,0.15415034567875097
study1,Study 1 – Gun Control (MTurk),platform,Platform interactions,ideologues_liberal,Ideologues (liberal),True,positive_interactions,0.07688716200357898,0.08629135475427661,-0.09224389331480318,0.24601821732196114,0.37291944115701603,0.24175258393052354,1641,,0.00022438753289577562,0.15415034567875097
study1,Study 1 – Gun Control (MTurk),platform,Platform interactions,ideologues_liberal,Ideologues (liberal),True,platform_duration,,,,,,,0,,0.00022438753289577562,0.15415034567875097
study1,Study 1 – Gun Control (MTurk),platform,Platform interactions,ideologues_conservative,Ideologues (conservative),True,pro_fraction_chosen,0.1279814330869657,0.027950384149354232,0.0731986801542314,0.1827641860197,4.674740268661992e-06,0.07830538307340981,1532,7.479584429859187e-05,0.00022438753289577562,0.00022438753289577562
study1,Study 1 – Gun Control (MTurk),platform,Platform interactions,ideologues_conservative,Ideologues (conservative),True,positive_interactions,0.09587385559138584,0.10180441533208508,-0.10366279845950091,0.29541050964227256,0.3463229259356633,0.28521374513300274,1641,1.0,0.00022438753289577562,0.00022438753289577562
study1,Study 1 – Gun Control (MTurk),platform,Platform interactions,ideologues_conservative,Ideologues (conservative),True,platform_duration,,,,,,,0,,0.00022438753289577562,0.00022438753289577562
study1,Study 1 – Gun Control (MTurk),platform,Platform interactions,moderates_liberal_seed,Moderates (liberal seed),True,pro_fraction_chosen,0.16554952411125518,0.0452573401401328,0.07684513743659489,0.25425391078591547,0.0002542310573161455,0.12679229514770674,1532,0.004067696917058328,0.00022438753289577562,0.004067696917058328
study1,Study 1 – Gun Control (MTurk),platform,Platform interactions,moderates_liberal_seed,Moderates (liberal seed),True,positive_interactions,-0.07117190020695213,0.08848929279498946,-0.24461091408513147,0.1022671136712272,0.4212239855489941,0.24791029465571282,1641,1.0,0.00022438753289577562,0.004067696917058328
study1,Study 1 – Gun Control (MTurk),platform,Platform interactions,moderates_liberal_seed,Moderates (liberal seed),True,platform_duration,,,,,,,0,,0.00022438753289577562,0.004067696917058328
study1,Study 1 – Gun Control (MTurk),platform,Platform interactions,moderates_conservative_seed,Moderates (conservative seed),True,pro_fraction_chosen,-0.11559934061221405,0.04238082390239798,-0.19866575546091408,-0.032532925763514006,0.006379050506585493,0.11873348977640694,1532,,0.00022438753289577562,0.07654860607902592
study1,Study 1 – Gun Control (MTurk),platform,Platform interactions,moderates_conservative_seed,Moderates (conservative seed),True,positive_interactions,0.17012825847874874,0.14909902674845757,-0.1221058339482281,0.4623623509057256,0.2538524265277817,0.41771362937350875,1641,,0.00022438753289577562,0.07654860607902592
study1,Study 1 – Gun Control (MTurk),platform,Platform interactions,moderates_conservative_seed,Moderates (conservative seed),True,platform_duration,,,,,,,0,,0.00022438753289577562,0.07654860607902592
study1,Study 1 – Gun Control (MTurk),platform,Platform interactions,moderates_seed_diff_31,Moderates seed contrast (recsys 31),False,pro_fraction_chosen,-0.20063720427790438,0.05046422461286078,-0.2995470845191115,-0.10172732403669725,7.013406192157845e-05,0.14137982571892335,1532,0.0011221449907452552,0.00022438753289577562,0.0016832174861178828
study1,Study 1 – Gun Control (MTurk),platform,Platform interactions,moderates_seed_diff_31,Moderates seed contrast (recsys 31),False,positive_interactions,0.24649604059511285,0.12806346287847475,-0.004508346646697664,0.4975004278369234,0.054254885113093954,0.35878070458069367,1641,0.43403908090475163,0.00022438753289577562,0.0016832174861178828
study1,Study 1 – Gun Control (MTurk),platform,Platform interactions,moderates_seed_diff_31,Moderates seed contrast (recsys 31),False,platform_duration,,,,,,,0,,0.00022438753289577562,0.0016832174861178828
study1,Study 1 – Gun Control (MTurk),platform,Platform interactions,moderates_seed_diff_22,Moderates seed contrast (recsys 22),False,pro_fraction_chosen,0.08051166044556485,0.03602109419555,0.009910315822286839,0.15111300506884284,0.02540912114943339,0.10091616503850771,1532,,0.00022438753289577562,0.2032729691954671
study1,Study 1 – Gun Control (MTurk),platform,Platform interactions,moderates_seed_diff_22,Moderates seed contrast (recsys 22),False,positive_interactions,0.005195881909411976,0.11475811430397168,-0.2197300221263725,0.23012178594519644,0.9638866674437989,0.3215046366925254,1641,,0.00022438753289577562,0.2032729691954671
study1,Study 1 – Gun Control (MTurk),platform,Platform interactions,moderates_seed_diff_22,Moderates seed contrast (recsys 22),False,platform_duration,,,,,,,0,,0.00022438753289577562,0.2032729691954671
study1,Study 1 – Gun Control (MTurk),policy,Gun policy attitudes,ideologues_liberal,Ideologues (liberal),True,gun_index_w2,-0.006833069878470932,0.007719682110834374,-0.021963646815706304,0.00829750705876444,0.3760762062751706,0.021627347290244698,1618,,0.17656482450151323,
study1,Study 1 – Gun Control (MTurk),policy,Gun policy attitudes,ideologues_conservative,Ideologues (conservative),True,gun_index_w2,0.01615532713506046,0.011052074497360927,-0.005506738879766958,0.03781739314988788,0.14381079083161108,0.03096332854128968,1618,,0.17656482450151323,
study1,Study 1 – Gun Control (MTurk),policy,Gun policy attitudes,moderates_liberal_seed,Moderates (liberal seed),True,gun_index_w2,-0.004957290647757295,0.02164856860127185,-0.04738848510625012,0.03747390381073553,0.8188772297644071,0.06065030978662775,1618,,0.17656482450151323,
study1,Study 1 – Gun Control (MTurk),policy,Gun policy attitudes,moderates_conservative_seed,Moderates (conservative seed),True,gun_index_w2,-0.01859911683596477,0.016946435302966727,-0.051814130029779554,0.014615896357850017,0.2724124628542559,0.04747688264449934,1618,,0.17656482450151323,
study1,Study 1 – Gun Control (MTurk),policy,Gun policy attitudes,moderates_seed_diff_31,Moderates seed contrast (recsys 31),False,gun_index_w2,-0.046679467038190925,0.019766944361119483,-0.0854226779859851,-0.007936256090396741,0.018201599236005173,0.05537877912937383,1618,,0.17656482450151323,
study1,Study 1 – Gun Control (MTurk),policy,Gun policy attitudes,moderates_seed_diff_22,Moderates seed contrast (recsys 22),False,gun_index_w2,-0.03303764084998345,0.019129819858492353,-0.07053208777262845,0.004456806072661558,0.08416351441657888,0.05359382054071608,1618,,0.17656482450151323,
study1,Study 1 – Gun Control (MTurk),media,Media trust,ideologues_liberal,Ideologues (liberal),True,trust_majornews_w2,-0.013499392039221014,0.013348238092311284,-0.039661938700151125,0.0126631546217091,0.3118614366700174,0.03739622652727174,1618,,0.5707052476153027,
study1,Study 1 – Gun Control (MTurk),media,Media trust,ideologues_liberal,Ideologues (liberal),True,trust_youtube_w2,0.003592678419725548,0.015444849359152276,-0.02667922632421291,0.033864583163664,0.8160616462726058,0.04327006166058256,1618,,0.5707052476153027,
study1,Study 1 – Gun Control (MTurk),media,Media trust,ideologues_liberal,Ideologues (liberal),True,fabricate_majornews_w2,-0.005570612971289246,0.010414581152348727,-0.02598319202989275,0.014841966087314258,0.5927287351135457,0.02917733660925811,1618,,0.5707052476153027,
study1,Study 1 – Gun Control (MTurk),media,Media trust,ideologues_liberal,Ideologues (liberal),True,fabricate_youtube_w2,0.008357500949597085,0.012056444538158502,-0.015273130345193578,0.03198813224438775,0.4881854223869633,0.033777156801103686,1618,,0.5707052476153027,
study1,Study 1 – Gun Control (MTurk),media,Media trust,ideologues_conservative,Ideologues (conservative),True,trust_majornews_w2,-0.03517188749103817,0.017752014590892706,-0.06996583608918787,-0.00037793889288846583,0.04755877063460856,0.04973378166957073,1618,,0.5707052476153027,
study1,Study 1 – Gun Control (MTurk),media,Media trust,ideologues_conservative,Ideologues (conservative),True,trust_youtube_w2,-0.0383635765987671,0.01867189377810573,-0.07496048840385433,-0.001766664793679873,0.03991608370122579,0.052310901602916515,1618,,0.5707052476153027,
study1,Study 1 – Gun Control (MTurk),media,Media trust,ideologues_conservative,Ideologues (conservative),True,fabricate_majornews_w2,-0.01737993660015469,0.014821881307101208,-0.046430823962073056,0.01167095076176368,0.2409617015807597,0.04152476357459966,1618,,0.5707052476153027,
study1,Study 1 – Gun Control (MTurk),media,Media trust,ideologues_conservative,Ideologues (conservative),True,fabricate_youtube_w2,-0.011763116759140435,0.015691393556376155,-0.0425182481296377,0.018992014611356828,0.45346308764062915,0.04396077623913651,1618,,0.5707052476153027,
study1,Study 1 – Gun Control (MTurk),media,Media trust,moderates_liberal_seed,Moderates (liberal seed),True,trust_majornews_w2,0.0211814480532021,0.025929830850213154,-0.02964102041321568,0.07200391651961988,0.4139994807467582,0.07264463081812679,1618,,0.5707052476153027,
study1,Study 1 – Gun Control (MTurk),media,Media trust,moderates_liberal_seed,Moderates (liberal seed),True,trust_youtube_w2,-0.05521413437772105,0.030554749804069806,-0.11510144399369787,0.004673175238255771,0.07075359705724238,0.08560173539422207,1618,,0.5707052476153027,
study1,Study 1 – Gun Control (MTurk),media,Media trust,moderates_liberal_seed,Moderates (liberal seed),True,fabricate_majornews_w2,0.007459960356543616,0.021502274991979403,-0.03468449862773602,0.04960441934082325,0.7286377553555299,0.060240455773329635,1618,,0.5707052476153027,
study1,Study 1 – Gun Control (MTurk),media,Media trust,moderates_liberal_seed,Moderates (liberal seed),True,fabricate_youtube_w2,-0.03734223854157803,0.024427293618162833,-0.08521973403317717,0.010535256950021117,0.12633644846006487,0.06843514471915023,1618,,0.5707052476153027,
study1,Study 1 – Gun Control (MTurk),media,Media trust,moderates_conservative_seed,Moderates (conservative seed),True,trust_majornews_w2,-0.015119813083222522,0.02592215322447215,-0.06592723340318793,0.03568760723674289,0.5597063935394846,0.07262312129534058,1618,,0.5707052476153027,
study1,Study 1 – Gun Control (MTurk),media,Media trust,moderates_conservative_seed,Moderates (conservative seed),True,trust_youtube_w2,-0.0188524552373297,0.026693695076380686,-0.07117209758703585,0.033467187112376444,0.4800319106143762,0.07478466154280304,1618,,0.5707052476153027,
study1,Study 1 – Gun Control (MTurk),media,Media trust,moderates_conservative_seed,Moderates (conservative seed),True,fabricate_majornews_w2,0.009032035120723259,0.02147057442384797,-0.03305029075001876,0.051114360991465276,0.6739957788367001,0.06015164393024682,1618,,0.5707052476153027,
study1,Study 1 – Gun Control (MTurk),media,Media trust,moderates_conservative_seed,Moderates (conservative seed),True,fabricate_youtube_w2,0.0025881017296939257,0.022340543185946676,-0.041199362914761554,0.046375566374149406,0.9077732038192474,0.0625889355543626,1618,,0.5707052476153027,
study1,Study 1 – Gun Control (MTurk),media,Media trust,moderates_seed_diff_31,Moderates seed contrast (recsys 31),False,trust_majornews_w2,-0.029671947036205903,0.025466920811248735,-0.07958711182625341,0.020243217753841615,0.2439715623606551,0.07134774889564797,1618,,0.5707052476153027,
study1,Study 1 – Gun Control (MTurk),media,Media trust,moderates_seed_diff_31,Moderates seed contrast (recsys 31),False,trust_youtube_w2,-0.013126035293258231,0.029602289601031062,-0.07114652291127911,0.04489445232476265,0.6574671504884122,0.08293333696854785,1618,,0.5707052476153027,
study1,Study 1 – Gun Control (MTurk),media,Media trust,moderates_seed_diff_31,Moderates seed contrast (recsys 31),False,fabricate_majornews_w2,-0.024501537318484812,0.02094629991333024,-0.06555628514861209,0.016553210511642456,0.24210922003417212,0.05868284421134694,1618,,0.5707052476153027,
study1,Study 1 – Gun Control (MTurk),media,Media trust,moderates_seed_diff_31,Moderates seed contrast (recsys 31),False,fabricate_youtube_w2,0.019054391728866138,0.024583075208074203,-0.0291284356789593,0.06723721913669158,0.43827936660163136,0.06887158011870007,1618,,0.5707052476153027,
study1,Study 1 – Gun Control (MTurk),media,Media trust,moderates_seed_diff_22,Moderates seed contrast (recsys 22),False,trust_majornews_w2,0.0066293141002187195,0.02630232423303346,-0.04492324139652686,0.0581818695969643,0.8010079038074573,0.07368820277328104,1618,,0.5707052476153027,
study1,Study 1 – Gun Control (MTurk),media,Media trust,moderates_seed_diff_22,Moderates seed contrast (recsys 22),False,trust_youtube_w2,-0.04948771443364958,0.027888208107625635,-0.10414860232459583,0.005173173457296669,0.07597995381770017,0.0781311915939822,1618,,0.5707052476153027,
study1,Study 1 – Gun Control (MTurk),media,Media trust,moderates_seed_diff_22,Moderates seed contrast (recsys 22),False,fabricate_majornews_w2,-0.026073612082664455,0.022148063830381762,-0.06948381719021271,0.0173365930248838,0.23909926945775872,0.06204968823702003,1618,,0.5707052476153027,
study1,Study 1 – Gun Control (MTurk),media,Media trust,moderates_seed_diff_22,Moderates seed contrast (recsys 22),False,fabricate_youtube_w2,-0.02087594854240582,0.022287336598271725,-0.06455912827501839,0.022807231190206757,0.34892674014159697,0.062439872764826224,1618,,0.5707052476153027,
study1,Study 1 – Gun Control (MTurk),affective,Affective polarization,ideologues_liberal,Ideologues (liberal),True,affpol_ft_w2,1.059753032150013,1.081498849154588,-1.0599847121929793,3.1794907764930054,0.32713899326963913,3.0299111891976804,1458,,0.17656482450151323,
study1,Study 1 – Gun Control (MTurk),affective,Affective polarization,ideologues_liberal,Ideologues (liberal),True,affpol_smart_w2,0.023908853082373227,0.013882620056061602,-0.003301082227507513,0.051118788392253964,0.08503062316636312,0.0388933431377408,1459,,0.17656482450151323,
study1,Study 1 – Gun Control (MTurk),affective,Affective polarization,ideologues_liberal,Ideologues (liberal),True,affpol_comfort_w2,0.005617660975363203,0.01713893803999511,-0.02797465758302721,0.03920997953375362,0.7430841929833898,0.04801619546700434,1459,,0.17656482450151323,
study1,Study 1 – Gun Control (MTurk),affective,Affective polarization,ideologues_conservative,Ideologues (conservative),True,affpol_ft_w2,3.8099827414263885,1.4215063268026202,1.023830340893253,6.5961351419595236,0.007356867687563051,3.9824711126242827,1458,,0.17656482450151323,
study1,Study 1 – Gun Control (MTurk),affective,Affective polarization,ideologues_conservative,Ideologues (conservative),True,affpol_smart_w2,0.0022576675704601423,0.015977710545077933,-0.029058645097892605,0.03357398023881289,0.8876321056298813,0.04476291768237803,1459,,0.17656482450151323,
study1,Study 1 – Gun Control (MTurk),affective,Affective polarization,ideologues_conservative,Ideologues (conservative),True,affpol_comfort_w2,-0.007833677262152228,0.018326659734463575,-0.04375393034170084,0.028086575817396382,0.6690537194144375,0.05134369900945928,1459,,0.17656482450151323,
study1,Study 1 – Gun Control (MTurk),affective,Affective polarization,moderates_liberal_seed,Moderates (liberal seed),True,affpol_ft_w2,1.6370618036306084,2.2809470686918605,-2.833594451005438,6.107718058266655,0.47293522846851044,6.3902675909452205,1458,,0.17656482450151323,
study1,Study 1 – Gun Control (MTurk),affective,Affective polarization,moderates_liberal_seed,Moderates (liberal seed),True,affpol_smart_w2,-0.032131905650482184,0.02829619633937988,-0.08759245047566674,0.023328639174702383,0.25614257862347767,0.07927420539322895,1459,,0.17656482450151323,
study1,Study 1 – Gun Control (MTurk),affective,Affective polarization,moderates_liberal_seed,Moderates (liberal seed),True,affpol_comfort_w2,0.02956725464028509,0.030488695658332066,-0.03019058885004576,0.08932509813061594,0.33215735175292505,0.08541667907592813,1459,,0.17656482450151323,
study1,Study 1 – Gun Control (MTurk),affective,Affective polarization,moderates_conservative_seed,Moderates (conservative seed),True,affpol_ft_w2,1.214101678024626,2.2786718311812004,-3.2520951110905267,5.680298467139779,0.5941643392268181,6.383893319167659,1458,,0.17656482450151323,
study1,Study 1 – Gun Control (MTurk),affective,Affective polarization,moderates_conservative_seed,Moderates (conservative seed),True,affpol_smart_w2,0.034610769278803355,0.025730983117564346,-0.015821957631622766,0.08504349618922948,0.17859264347226222,0.0720875419496826,1459,,0.17656482450151323,
study1,Study 1 – Gun Control (MTurk),affective,Affective polarization,moderates_conservative_seed,Moderates (conservative seed),True,affpol_comfort_w2,-0.017568481498171584,0.03258003956187264,-0.08142535903944195,0.046288396043098784,0.5897208193542784,0.09127575724207808,1459,,0.17656482450151323,
study1,Study 1 – Gun Control (MTurk),affective,Affective polarization,moderates_seed_diff_31,Moderates seed contrast (recsys 31),False,affpol_ft_w2,1.1556933644828433,2.4827235469388165,-3.710444787517237,6.021831516482924,0.6415776029671707,6.955561589764786,1458,,0.17656482450151323,
study1,Study 1 – Gun Control (MTurk),affective,Affective polarization,moderates_seed_diff_31,Moderates seed contrast (recsys 31),False,affpol_smart_w2,0.05486249026043108,0.02974132434724146,-0.0034305054601621796,0.11315548598102435,0.06508770363105665,0.08332285465833499,1459,,0.17656482450151323,
study1,Study 1 – Gun Control (MTurk),affective,Affective polarization,moderates_seed_diff_31,Moderates seed contrast (recsys 31),False,affpol_comfort_w2,0.0010180237381729462,0.03390853576341877,-0.06544270635812784,0.06747875383447373,0.9760489977624611,0.09499765256264894,1459,,0.17656482450151323,
study1,Study 1 – Gun Control (MTurk),affective,Affective polarization,moderates_seed_diff_22,Moderates seed contrast (recsys 22),False,affpol_ft_w2,1.5786534900888256,2.044266447549514,-2.4281087471082214,5.585415727285873,0.43997543208832246,5.727186661339027,1458,,0.17656482450151323,
study1,Study 1 – Gun Control (MTurk),affective,Affective polarization,moderates_seed_diff_22,Moderates seed contrast (recsys 22),False,affpol_smart_w2,-0.01188018466885446,0.02396498807550412,-0.05885156129684253,0.035091191959133614,0.6200842959020407,0.06713995634458589,1459,,0.17656482450151323,
study1,Study 1 – Gun Control (MTurk),affective,Affective polarization,moderates_seed_diff_22,Moderates seed contrast (recsys 22),False,affpol_comfort_w2,0.04815375987662962,0.028683500595920067,-0.00806590129137371,0.10437342104463296,0.09319171458571662,0.08035927127326417,1459,,0.17656482450151323,
study2,Study 2 – Minimum Wage (MTurk),platform,Platform interactions,ideologues_liberal,Ideologues (liberal),True,pro_fraction_chosen,0.07602681563869551,0.023658762771398233,0.029655640606754977,0.12239799067063604,0.001311397361457578,0.06628204005919068,1617,0.005245589445830312,1.0802287917499598e-06,0.010491178891660624
study2,Study 2 – Minimum Wage (MTurk),platform,Platform interactions,ideologues_liberal,Ideologues (liberal),True,positive_interactions,0.018588349741425092,0.12025232843721312,-0.2171062139955126,0.2542829134783628,0.8771541112320993,0.33689714579336194,1679,1.0,1.0802287917499598e-06,0.010491178891660624
study2,Study 2 – Minimum Wage (MTurk),platform,Platform interactions,ideologues_liberal,Ideologues (liberal),True,platform_duration,,,,,,,0,,1.0802287917499598e-06,0.010491178891660624
study2,Study 2 – Minimum Wage (MTurk),platform,Platform interactions,ideologues_conservative,Ideologues (conservative),True,pro_fraction_chosen,-0.10399006131079974,0.025999678490524095,-0.15494943115222698,-0.05303069146937252,6.343161994903923e-05,0.07284031493474198,1617,0.0002537264797961569,1.0802287917499598e-06,0.0007611794393884708
study2,Study 2 – Minimum Wage (MTurk),platform,Platform interactions,ideologues_conservative,Ideologues (conservative),True,positive_interactions,-0.042616024399675434,0.08059275138245628,-0.20057781710928974,0.11534576830993887,0.596956443555037,0.22578746096014296,1679,1.0,1.0802287917499598e-06,0.0007611794393884708
study2,Study 2 – Minimum Wage (MTurk),platform,Platform interactions,ideologues_conservative,Ideologues (conservative),True,platform_duration,,,,,,,0,,1.0802287917499598e-06,0.0007611794393884708
study2,Study 2 – Minimum Wage (MTurk),platform,Platform interactions,moderates_liberal_seed,Moderates (liberal seed),True,pro_fraction_chosen,0.10550062111960379,0.03945107037338552,0.02817652318776817,0.1828247190514394,0.007490454328375584,0.11052553559681132,1617,0.029961817313502337,1.0802287917499598e-06,0.029961817313502337
study2,Study 2 – Minimum Wage (MTurk),platform,Platform interactions,moderates_liberal_seed,Moderates (liberal seed),True,positive_interactions,-0.34098141572148916,0.1572427057271843,-0.6491771189467703,-0.03278571249620793,0.03012037057791339,0.44052884002136683,1679,0.06024074115582678,1.0802287917499598e-06,0.029961817313502337
study2,Study 2 – Minimum Wage (MTurk),platform,Platform interactions,moderates_liberal_seed,Moderates (liberal seed),True,platform_duration,,,,,,,0,,1.0802287917499598e-06,0.029961817313502337
study2,Study 2 – Minimum Wage (MTurk),platform,Platform interactions,moderates_conservative_seed,Moderates (conservative seed),True,pro_fraction_chosen,-0.10503121164077378,0.038558607397031604,-0.18060608213895574,-0.029456341142591838,0.006450883947121344,0.10802522451454508,1617,0.025803535788485377,1.0802287917499598e-06,0.029961817313502337
study2,Study 2 – Minimum Wage (MTurk),platform,Platform interactions,moderates_conservative_seed,Moderates (conservative seed),True,positive_interactions,0.2346265275997712,0.16174270339683824,-0.08238917105803173,0.5516422262575742,0.1468868619611552,0.45313596697421216,1679,0.2937737239223104,1.0802287917499598e-06,0.029961817313502337
study2,Study 2 – Minimum Wage (MTurk),platform,Platform interactions,moderates_conservative_seed,Moderates (conservative seed),True,platform_duration,,,,,,,0,,1.0802287917499598e-06,0.029961817313502337
study2,Study 2 – Minimum Wage (MTurk),platform,Platform interactions,moderates_seed_diff_31,Moderates seed contrast (recsys 31),False,pro_fraction_chosen,-0.23369566067510272,0.04179441087557132,-0.3156127059912225,-0.15177861535898293,2.250476649479083e-08,0.11709060370874047,1617,9.001906597916332e-08,1.0802287917499598e-06,5.401143958749799e-07
study2,Study 2 – Minimum Wage (MTurk),platform,Platform interactions,moderates_seed_diff_31,Moderates seed contrast (recsys 31),False,positive_interactions,0.05750588180827304,0.15190950275584364,-0.24023674359318048,0.35524850720972656,0.7050194196943496,0.4255874174116627,1679,1.0,1.0802287917499598e-06,5.401143958749799e-07
study2,Study 2 – Minimum Wage (MTurk),platform,Platform interactions,moderates_seed_diff_31,Moderates seed contrast (recsys 31),False,platform_duration,,,,,,,0,,1.0802287917499598e-06,5.401143958749799e-07
study2,Study 2 – Minimum Wage (MTurk),platform,Platform interactions,moderates_seed_diff_22,Moderates seed contrast (recsys 22),False,pro_fraction_chosen,-0.023163827914725155,0.036037822917217896,-0.09379796083247223,0.04747030500302192,0.520377017103375,0.1009630319778504,1617,1.0,1.0802287917499598e-06,0.010640367410635676
study2,Study 2 – Minimum Wage (MTurk),platform,Platform interactions,moderates_seed_diff_22,Moderates seed contrast (recsys 22),False,positive_interactions,-0.5181020615129873,0.16575175381746615,-0.842975498995221,-0.1932286240307537,0.0017733945684392793,0.46436766337131286,1679,0.007093578273757117,1.0802287917499598e-06,0.010640367410635676
study2,Study 2 – Minimum Wage (MTurk),platform,Platform interactions,moderates_seed_diff_22,Moderates seed contrast (recsys 22),False,platform_duration,,,,,,,0,,1.0802287917499598e-06,0.010640367410635676
study2,Study 2 – Minimum Wage (MTurk),policy,Minimum wage attitudes,ideologues_liberal,Ideologues (liberal),True,mw_index_w2,4.4651448671828575e-07,0.00652309765911243,-0.012784824897373644,0.012785717926347081,0.9999453837680399,0.01827501397807669,1637,,4.687932900537817e-06,1.0
study2,Study 2 – Minimum Wage (MTurk),policy,Minimum wage attitudes,ideologues_conservative,Ideologues (conservative),True,mw_index_w2,0.014437221281051738,0.012134090203173215,-0.009345595517167762,0.03822003807927124,0.23412239314007555,0.03399468774845946,1637,,4.687932900537817e-06,0.5618937435361813
study2,Study 2 – Minimum Wage (MTurk),policy,Minimum wage attitudes,moderates_liberal_seed,Moderates (liberal seed),True,mw_index_w2,-0.01813799962411955,0.014562830121542743,-0.046681146662343326,0.010405147414104227,0.21294814901679837,0.04079900960240443,1637,,4.687932900537817e-06,0.5618937435361813
study2,Study 2 – Minimum Wage (MTurk),policy,Minimum wage attitudes,moderates_conservative_seed,Moderates (conservative seed),True,mw_index_w2,0.02708618803390661,0.01874583680799679,-0.009655652109767099,0.06382802817758032,0.14848105450945548,0.052518059302441786,1637,,4.687932900537817e-06,0.5618937435361813
study2,Study 2 – Minimum Wage (MTurk),policy,Minimum wage attitudes,moderates_seed_diff_31,Moderates seed contrast (recsys 31),False,mw_index_w2,0.08300454054698164,0.016360561763217915,0.05093783949107453,0.11507124160288876,3.9066107504481806e-07,0.04583550799585555,1637,4.687932900537817e-06,4.687932900537817e-06,4.687932900537817e-06
study2,Study 2 – Minimum Wage (MTurk),policy,Minimum wage attitudes,moderates_seed_diff_22,Moderates seed contrast (recsys 22),False,mw_index_w2,0.03778035288895548,0.017195761428353846,0.0040766604893819475,0.07148404528852902,0.028015192615066464,0.04817539103187327,1637,,4.687932900537817e-06,0.16809115569039879
study2,Study 2 – Minimum Wage (MTurk),media,Media trust,ideologues_liberal,Ideologues (liberal),True,trust_majornews_w2,0.0017224813827901864,0.015008471388149081,-0.02769412253798201,0.031139085303562384,0.9086295873483088,0.042047511587509884,1636,,0.938179962700108,
study2,Study 2 – Minimum Wage (MTurk),media,Media trust,ideologues_liberal,Ideologues (liberal),True,trust_youtube_w2,-0.00286343262697758,0.017521020810879695,-0.03720463341630178,0.03147776816234662,0.8701811331964966,0.04908663291001024,1636,,0.938179962700108,
study2,Study 2 – Minimum Wage (MTurk),media,Media trust,ideologues_liberal,Ideologues (liberal),True,fabricate_majornews_w2,0.0190283950563519,0.011844108035085394,-0.004186056692415473,0.04224284680511927,0.10814860907095669,0.03318227799282827,1636,,0.938179962700108,
study2,Study 2 – Minimum Wage (MTurk),media,Media trust,ideologues_liberal,Ideologues (liberal),True,fabricate_youtube_w2,0.008810903420049643,0.013381765756586523,-0.017417357462859943,0.035039164302959225,0.5102643888517258,0.0374901571359031,1636,,0.938179962700108,
study2,Study 2 – Minimum Wage (MTurk),media,Media trust,ideologues_conservative,Ideologues (conservative),True,trust_majornews_w2,0.021507852194975752,0.01597674562299749,-0.009806569226099328,0.05282227361605083,0.17823888804547172,0.04476021437094083,1636,,0.938179962700108,
study2,Study 2 – Minimum Wage (MTurk),media,Media trust,ideologues_conservative,Ideologues (conservative),True,trust_youtube_w2,-0.012082789635253444,0.01767258893841313,-0.04672106395454318,0.022555484684036294,0.49416317328735193,0.04951126393564498,1636,,0.938179962700108,
study2,Study 2 – Minimum Wage (MTurk),media,Media trust,ideologues_conservative,Ideologues (conservative),True,fabricate_majornews_w2,-0.005013925282448151,0.014929746632651404,-0.0342762286824449,0.0242483781175486,0.7369956073551469,0.04182695747620803,1636,,0.938179962700108,
study2,Study 2 – Minimum Wage (MTurk),media,Media trust,ideologues_conservative,Ideologues (conservative),True,fabricate_youtube_w2,-0.02136564036608457,0.015063660172092447,-0.05089041430338577,0.008159133571216625,0.15608670797151536,0.04220212766881125,1636,,0.938179962700108,
study2,Study 2 – Minimum Wage (MTurk),media,Media trust,moderates_liberal_seed,Moderates (liberal seed),True,trust_majornews_w2,0.012315939568597667,0.022625902519996674,-0.032030829370595815,0.05666270850779115,0.5862149520471798,0.06338839404648763,1636,,0.938179962700108,
study2,Study 2 – Minimum Wage (MTurk),media,Media trust,moderates_liberal_seed,Moderates (liberal seed),True,trust_youtube_w2,-0.00502153619973994,0.025530616163858752,-0.05506154388090309,0.04501847148142321,0.8440726096043261,0.07152619685398269,1636,,0.938179962700108,
study2,Study 2 – Minimum Wage (MTurk),media,Media trust,moderates_liberal_seed,Moderates (liberal seed),True,fabricate_majornews_w2,-0.001964377759545277,0.01913346109644019,-0.03946596150856805,0.035537205989477495,0.9182271530093771,0.053604021779126376,1636,,0.938179962700108,
study2,Study 2 – Minimum Wage (MTurk),media,Media trust,moderates_liberal_seed,Moderates (liberal seed),True,fabricate_youtube_w2,0.0184574825541296,0.021601341130483703,-0.02388114606161846,0.06079611116987766,0.39285014776810634,0.06051799800257881,1636,,0.938179962700108,
study2,Study 2 – Minimum Wage (MTurk),media,Media trust,moderates_conservative_seed,Moderates (conservative seed),True,trust_majornews_w2,0.011174285315024735,0.021039336212713613,-0.030062813661893943,0.05241138429194341,0.5953398062313082,0.05894349333244733,1636,,0.938179962700108,
study2,Study 2 – Minimum Wage (MTurk),media,Media trust,moderates_conservative_seed,Moderates (conservative seed),True,trust_youtube_w2,0.021141010594509735,0.023481151369159195,-0.024882046089042285,0.06716406727806176,0.3679395495118736,0.06578444658010948,1636,,0.938179962700108,
study2,Study 2 – Minimum Wage (MTurk),media,Media trust,moderates_conservative_seed,Moderates (conservative seed),True,fabricate_majornews_w2,0.017168945120369705,0.019358391853936417,-0.02077350291334567,0.05511139315408508,0.37513309253899196,0.05423418446442676,1636,,0.938179962700108,
study2,Study 2 – Minimum Wage (MTurk),media,Media trust,moderates_conservative_seed,Moderates (conservative seed),True,fabricate_youtube_w2,-0.002853929229065133,0.01930112485503933,-0.04068413394494222,0.03497627548681195,0.882450602475217,0.054073746086830986,1636,,0.938179962700108,
study2,Study 2 – Minimum Wage (MTurk),media,Media trust,moderates_seed_diff_31,Moderates seed contrast (recsys 31),False,trust_majornews_w2,-0.0042366821084233175,0.021284729167764006,-0.04595475127724077,0.03748138706039413,0.8422252215483266,0.059630982607945575,1636,,0.938179962700108,
study2,Study 2 – Minimum Wage (MTurk),media,Media trust,moderates_seed_diff_31,Moderates seed contrast (recsys 31),False,trust_youtube_w2,0.017002010880661722,0.025241552768134598,-0.03247143254488209,0.06647545430620554,0.5005832655227427,0.07071636111742435,1636,,0.938179962700108,
study2,Study 2 – Minimum Wage (MTurk),media,Media trust,moderates_seed_diff_31,Moderates seed contrast (recsys 31),False,fabricate_majornews_w2,-0.001527348416059171,0.019693082427136722,-0.040125789973247145,0.0370710931411288,0.938179962700108,0.05517184862694649,1636,,0.938179962700108,
study2,Study 2 – Minimum Wage (MTurk),media,Media trust,moderates_seed_diff_31,Moderates seed contrast (recsys 31),False,fabricate_youtube_w2,-0.022909788995854052,0.021467662568262037,-0.06498640762964764,0.019166829637939538,0.28589205823850317,0.06014348611867999,1636,,0.938179962700108,
study2,Study 2 – Minimum Wage (MTurk),media,Media trust,moderates_seed_diff_22,Moderates seed contrast (recsys 22),False,trust_majornews_w2,-0.003095027854850385,0.022426390629158646,-0.04705075348800133,0.04086069777830056,0.8902338646005115,0.06282944448227805,1636,,0.938179962700108,
study2,Study 2 – Minimum Wage (MTurk),media,Media trust,moderates_seed_diff_22,Moderates seed contrast (recsys 22),False,trust_youtube_w2,-0.009160535913587953,0.02373865462069323,-0.05568829897014668,0.03736722714297078,0.6995773107362584,0.06650586388322326,1636,,0.938179962700108,
study2,Study 2 – Minimum Wage (MTurk),media,Media trust,moderates_seed_diff_22,Moderates seed contrast (recsys 22),False,fabricate_majornews_w2,-0.020660671295974153,0.018871779278905307,-0.057649358682628556,0.01632801609068025,0.27360781115507127,0.05287089786727171,1636,,0.938179962700108,
study2,Study 2 – Minimum Wage (MTurk),media,Media trust,moderates_seed_diff_22,Moderates seed contrast (recsys 22),False,fabricate_youtube_w2,-0.0015983772126593188,0.019465097094800703,-0.039749967518468696,0.03655321309315006,0.9345552338914285,0.054533128289927325,1636,,0.938179962700108,
study2,Study 2 – Minimum Wage (MTurk),affective,Affective polarization,ideologues_liberal,Ideologues (liberal),True,affpol_ft_w2,-0.8207416524972686,1.2169708395656187,-3.206004498045881,1.5645211930513439,0.5000484157180631,3.4094475150015655,1447,,0.1276164582715289,
study2,Study 2 – Minimum Wage (MTurk),affective,Affective polarization,ideologues_liberal,Ideologues (liberal),True,affpol_smart_w2,-0.028622367434987417,0.017225667099376663,-0.06238467494976568,0.005139940079790843,0.09659068570316443,0.048259174317748545,1447,,0.1276164582715289,
study2,Study 2 – Minimum Wage (MTurk),affective,Affective polarization,ideologues_liberal,Ideologues (liberal),True,affpol_comfort_w2,0.008216359619038827,0.019394634857087492,-0.029797124700852655,0.04622984393893031,0.6718277580460121,0.05433572232631483,1447,,0.1276164582715289,
study2,Study 2 – Minimum Wage (MTurk),affective,Affective polarization,ideologues_conservative,Ideologues (conservative),True,affpol_ft_w2,-0.5081892357606677,1.24533214263603,-2.949040235327286,1.932661763805951,0.6832184238527808,3.4889041224500517,1447,,0.1276164582715289,
study2,Study 2 – Minimum Wage (MTurk),affective,Affective polarization,ideologues_conservative,Ideologues (conservative),True,affpol_smart_w2,-0.026185092740400262,0.015739134357140434,-0.05703379608039551,0.004663610599594987,0.09617373128616657,0.044094526160858585,1447,,0.1276164582715289,
study2,Study 2 – Minimum Wage (MTurk),affective,Affective polarization,ideologues_conservative,Ideologues (conservative),True,affpol_comfort_w2,-0.018512580687175373,0.015914455479051726,-0.049704913426116756,0.01267975205176601,0.24472578277370882,0.04458570322442825,1447,,0.1276164582715289,
study2,Study 2 – Minimum Wage (MTurk),affective,Affective polarization,moderates_liberal_seed,Moderates (liberal seed),True,affpol_ft_w2,0.4767674052195545,1.6494673061369989,-2.7561885148089633,3.7097233252480724,0.7725482740449996,4.621123222634034,1447,,0.1276164582715289,
study2,Study 2 – Minimum Wage (MTurk),affective,Affective polarization,moderates_liberal_seed,Moderates (liberal seed),True,affpol_smart_w2,-0.009803998765086086,0.024033121104953894,-0.05690891613079572,0.037300918600623546,0.6833199448848695,0.06733083683275763,1447,,0.1276164582715289,
study2,Study 2 – Minimum Wage (MTurk),affective,Affective polarization,moderates_liberal_seed,Moderates (liberal seed),True,affpol_comfort_w2,-0.008556963909505333,0.027898003338240333,-0.06323705045245638,0.046123122633445715,0.759054095248987,0.07815863376728036,1447,,0.1276164582715289,
study2,Study 2 – Minimum Wage (MTurk),affective,Affective polarization,moderates_conservative_seed,Moderates (conservative seed),True,affpol_ft_w2,2.0440170457317706,1.9416437489547296,-1.7616047022194992,5.84963879368304,0.29246701657195473,5.439680425913017,1447,,0.1276164582715289,
study2,Study 2 – Minimum Wage (MTurk),affective,Affective polarization,moderates_conservative_seed,Moderates (conservative seed),True,affpol_smart_w2,0.026636438531356527,0.020400285463171016,-0.013348120976458662,0.06662099803917171,0.19165817004603025,0.05715313819890478,1447,,0.1276164582715289,
study2,Study 2 – Minimum Wage (MTurk),affective,Affective polarization,moderates_conservative_seed,Moderates (conservative seed),True,affpol_comfort_w2,0.06511277310890001,0.02597862335670415,0.014194671329759878,0.11603087488804015,0.012196819653083946,0.07278132718306664,1447,,0.1276164582715289,
study2,Study 2 – Minimum Wage (MTurk),affective,Affective polarization,moderates_seed_diff_31,Moderates seed contrast (recsys 31),False,affpol_ft_w2,0.060786579442606126,1.8882682445172887,-3.6402191798112797,3.761792338696492,0.9743191690266568,5.29014440167176,1447,,0.1276164582715289,
study2,Study 2 – Minimum Wage (MTurk),affective,Affective polarization,moderates_seed_diff_31,Moderates seed contrast (recsys 31),False,affpol_smart_w2,0.028070685484192337,0.0224875561515432,-0.016004924572832334,0.07214629554121701,0.2119298562008134,0.06300080490564877,1447,,0.1276164582715289,
study2,Study 2 – Minimum Wage (MTurk),affective,Affective polarization,moderates_seed_diff_31,Moderates seed contrast (recsys 31),False,affpol_comfort_w2,0.07920909559626982,0.028419366566725703,0.023507137125487444,0.1349110540670522,0.005317352427980371,0.07961927728147261,1447,,0.1276164582715289,
study2,Study 2 – Minimum Wage (MTurk),affective,Affective polarization,moderates_seed_diff_22,Moderates seed contrast (recsys 22),False,affpol_ft_w2,-1.50646306106961,1.739672183138038,-4.916220540020165,1.9032944178809443,0.38651949408027964,4.8738398726418435,1447,,0.1276164582715289,
study2,Study 2 – Minimum Wage (MTurk),affective,Affective polarization,moderates_seed_diff_22,Moderates seed contrast (recsys 22),False,affpol_smart_w2,-0.008369751812250276,0.02212656072641461,-0.051737810836022906,0.034998307211522355,0.7052321210303196,0.061989445458802105,1447,,0.1276164582715289,
study2,Study 2 – Minimum Wage (MTurk),affective,Affective polarization,moderates_seed_diff_22,Moderates seed contrast (recsys 22),False,affpol_comfort_w2,0.005539358577864473,0.025179029523506286,-0.04381153928820784,0.05489025644393679,0.825872018208303,0.07054119691948521,1447,,0.1276164582715289,
study3,Study 3 – Minimum Wage (YouGov),platform,Platform interactions,ideologues_liberal,Ideologues (liberal),True,pro_fraction_chosen,0.04880539633435632,0.01798004866397532,0.013564500952964693,0.08404629171574796,0.006639201578415799,0.050372638557945076,2640,0.03983520947049479,3.5506957374309422e-09,0.03983520947049479
study3,Study 3 – Minimum Wage (YouGov),platform,Platform interactions,ideologues_liberal,Ideologues (liberal),True,positive_interactions,0.03426160513913723,0.07324821343426342,-0.10930489319201908,0.17782810347029354,0.6399657892042856,0.20521111201061612,2670,1.0,3.5506957374309422e-09,0.03983520947049479
study3,Study 3 – Minimum Wage (YouGov),platform,Platform interactions,ideologues_liberal,Ideologues (liberal),True,platform_duration,,,,,,,0,,3.5506957374309422e-09,0.03983520947049479
study3,Study 3 – Minimum Wage (YouGov),platform,Platform interactions,ideologues_conservative,Ideologues (conservative),True,pro_fraction_chosen,-0.12420275192286856,0.02059894097857422,-0.16457667624087402,-0.08382882760486308,1.643967184605799e-09,0.057709688554355015,2640,9.863803107634794e-09,3.5506957374309422e-09,1.972760621526959e-08
study3,Study 3 – Minimum Wage (YouGov),platform,Platform interactions,ideologues_conservative,Ideologues (conservative),True,positive_interactions,0.01972543043109623,0.0703782672928565,-0.1182159734629025,0.15766683432509496,0.7792647684189444,0.19717071332407013,2670,1.0,3.5506957374309422e-09,1.972760621526959e-08
study3,Study 3 – Minimum Wage (YouGov),platform,Platform interactions,ideologues_conservative,Ideologues (conservative),True,platform_duration,,,,,,,0,,3.5506957374309422e-09,1.972760621526959e-08
study3,Study 3 – Minimum Wage (YouGov),platform,Platform interactions,moderates_liberal_seed,Moderates (liberal seed),True,pro_fraction_chosen,0.09646576868686219,0.027471455772372186,0.0426217153730127,0.15030982200071166,0.00044560061262899353,0.07696362441192209,2640,0.002673603675773961,3.5506957374309422e-09,0.0035648049010319482
study3,Study 3 – Minimum Wage (YouGov),platform,Platform interactions,moderates_liberal_seed,Moderates (liberal seed),True,positive_interactions,-0.0292555582314295,0.10926540100151048,-0.24341574419439005,0.18490462773153105,0.7888935416357112,0.3061163322970177,2670,1.0,3.5506957374309422e-09,0.0035648049010319482
study3,Study 3 – Minimum Wage (YouGov),platform,Platform interactions,moderates_liberal_seed,Moderates (liberal seed),True,platform_duration,,,,,,,0,,3.5506957374309422e-09,0.0035648049010319482
study3,Study 3 – Minimum Wage (YouGov),platform,Platform interactions,moderates_conservative_seed,Moderates (conservative seed),True,pro_fraction_chosen,-0.07704875179356246,0.03043502205988261,-0.13670139503093237,-0.01739610855619255,0.011354928755095806,0.08526630791590921,2640,,3.5506957374309422e-09,0.05450365802445987
study3,Study 3 – Minimum Wage (YouGov),platform,Platform interactions,moderates_conservative_seed,Moderates (conservative seed),True,positive_interactions,0.020217234635375447,0.09594816397579173,-0.16784116675717634,0.20827563602792723,0.8331135952916813,0.26880695789965725,2670,,3.5506957374309422e-09,0.05450365802445987
study3,Study 3 – Minimum Wage (YouGov),platform,Platform interactions,moderates_conservative_seed,Moderates (conservative seed),True,platform_duration,,,,,,,0,,3.5506957374309422e-09,0.05450365802445987
study3,Study 3 – Minimum Wage (YouGov),platform,Platform interactions,moderates_seed_diff_31,Moderates seed contrast (recsys 31),False,pro_fraction_chosen,-0.20993653720566657,0.03223656487626494,-0.2731202043631459,-0.1467528700481873,7.397282786314463e-11,0.09031348364008354,2640,4.438369671788678e-10,3.5506957374309422e-09,1.7753478687154711e-09
study3,Study 3 – Minimum Wage (YouGov),platform,Platform interactions,moderates_seed_diff_31,Moderates seed contrast (recsys 31),False,positive_interactions,-0.05654401826635003,0.10063880968990685,-0.25379608525856745,0.1407080487258674,0.5742175247665844,0.28194820159572714,2670,1.0,3.5506957374309422e-09,1.7753478687154711e-09
study3,Study 3 – Minimum Wage (YouGov),platform,Platform interactions,moderates_seed_diff_31,Moderates seed contrast (recsys 31),False,platform_duration,,,,,,,0,,3.5506957374309422e-09,1.7753478687154711e-09
study3,Study 3 – Minimum Wage (YouGov),platform,Platform interactions,moderates_seed_diff_22,Moderates seed contrast (recsys 22),False,pro_fraction_chosen,-0.036422016725241924,0.025350984246097157,-0.08610994584759235,0.013265912397108504,0.15080036581206402,0.07102294272848052,2640,,3.5506957374309422e-09,0.6032014632482561
study3,Study 3 – Minimum Wage (YouGov),platform,Platform interactions,moderates_seed_diff_22,Moderates seed contrast (recsys 22),False,positive_interactions,-0.10601681113315498,0.1063355687731776,-0.31443452592858306,0.10240090366227311,0.31876337302395763,0.29790815763456924,2670,,3.5506957374309422e-09,0.6032014632482561
study3,Study 3 – Minimum Wage (YouGov),platform,Platform interactions,moderates_seed_diff_22,Moderates seed contrast (recsys 22),False,platform_duration,,,,,,,0,,3.5506957374309422e-09,0.6032014632482561
study3,Study 3 – Minimum Wage (YouGov),policy,Minimum wage attitudes,ideologues_liberal,Ideologues (liberal),True,mw_index_w2,0.005344808788362132,0.005190932672833048,-0.004829419250390642,0.015519036827114906,0.30317750456373194,0.014542840244428706,2715,,0.00031557552507699427,0.7276260109529566
study3,Study 3 – Minimum Wage (YouGov),policy,Minimum wage attitudes,ideologues_conservative,Ideologues (conservative),True,mw_index_w2,0.031186697975020328,0.009916376022513053,0.011750600970894743,0.050622794979145916,0.0016610427017420548,0.027781572481922437,2715,0.006644170806968219,0.00031557552507699427,0.00869143101996972
study3,Study 3 – Minimum Wage (YouGov),policy,Minimum wage attitudes,moderates_liberal_seed,Moderates (liberal seed),True,mw_index_w2,0.003627250835610829,0.013520635783227866,-0.022873195299515786,0.030127696970737444,0.7884875189477678,0.03787921334978044,2715,,0.00031557552507699427,1.0
study3,Study 3 – Minimum Wage (YouGov),policy,Minimum wage attitudes,moderates_conservative_seed,Moderates (conservative seed),True,mw_index_w2,0.04641043686017465,0.015139457714979135,0.01673709973881555,0.07608377398153376,0.00217285775499243,0.042414480944531874,2715,0.00869143101996972,0.00031557552507699427,0.00869143101996972
study3,Study 3 – Minimum Wage (YouGov),policy,Minimum wage attitudes,moderates_seed_diff_31,Moderates seed contrast (recsys 31),False,mw_index_w2,0.062274478506886555,0.014815397710823264,0.03323629899367296,0.09131265802010015,2.6297960423082856e-05,0.04150659922710716,2715,0.00010519184169233142,0.00031557552507699427,0.00031557552507699427
study3,Study 3 – Minimum Wage (YouGov),policy,Minimum wage attitudes,moderates_seed_diff_22,Moderates seed contrast (recsys 22),False,mw_index_w2,0.01949129248232273,0.013879517027603826,-0.0077125608917807675,0.04669514585642623,0.1602233854832602,0.038884649739082115,2715,,0.00031557552507699427,0.4806701564497806
study3,Study 3 – Minimum Wage (YouGov),media,Media trust,ideologues_liberal,Ideologues (liberal),True,trust_majornews_w2,0.011335721718293001,0.011499716728971137,-0.011203723070490428,0.033875166507076435,0.32426110170620404,0.032217436400371946,2713,,0.9798246057354336,
study3,Study 3 – Minimum Wage (YouGov),media,Media trust,ideologues_liberal,Ideologues (liberal),True,trust_youtube_w2,-0.004594251784840686,0.014648804115998492,-0.033305907852197725,0.024117404282516356,0.7538048017525847,0.04103987307441378,2713,,0.9798246057354336,
study3,Study 3 – Minimum Wage (YouGov),media,Media trust,ideologues_liberal,Ideologues (liberal),True,fabricate_majornews_w2,-0.0011304551095103754,0.011309884309234134,-0.023297828355609278,0.021036918136588527,0.9203817623969861,0.031685604699318144,2713,,0.9798246057354336,
study3,Study 3 – Minimum Wage (YouGov),media,Media trust,ideologues_liberal,Ideologues (liberal),True,fabricate_youtube_w2,0.0014212876905626004,0.01273087413951288,-0.023531225622882644,0.026373801004007845,0.9111080512772487,0.035666628802915934,2713,,0.9798246057354336,
study3,Study 3 – Minimum Wage (YouGov),media,Media trust,ideologues_conservative,Ideologues (conservative),True,trust_majornews_w2,-0.0014463807880788493,0.014867519678570794,-0.030586719358077604,0.027693957781919906,0.9225003809647347,0.041652623361487603,2713,,0.9798246057354336,
study3,Study 3 – Minimum Wage (YouGov),media,Media trust,ideologues_conservative,Ideologues (conservative),True,trust_youtube_w2,-0.013030940889140752,0.015649160076262058,-0.04370329463861439,0.01764141286033288,0.4050180794774325,0.04384245554553939,2713,,0.9798246057354336,
study3,Study 3 – Minimum Wage (YouGov),media,Media trust,ideologues_conservative,Ideologues (conservative),True,fabricate_majornews_w2,-0.0003364316216720731,0.013303580803600725,-0.026411449996729494,0.025738586753385348,0.9798246057354336,0.03727111532733923,2713,,0.9798246057354336,
study3,Study 3 – Minimum Wage (YouGov),media,Media trust,ideologues_conservative,Ideologues (conservative),True,fabricate_youtube_w2,-0.005265070226276147,0.012932244675495287,-0.03061226979024691,0.020082129337694616,0.683914472562104,0.03623078551988773,2713,,0.9798246057354336,
study3,Study 3 – Minimum Wage (YouGov),media,Media trust,moderates_liberal_seed,Moderates (liberal seed),True,trust_majornews_w2,0.005754200496496664,0.019372694657541753,-0.032216281032285174,0.0437246820252785,0.7664464033921798,0.05427425498758504,2713,,0.9798246057354336,
study3,Study 3 – Minimum Wage (YouGov),media,Media trust,moderates_liberal_seed,Moderates (liberal seed),True,trust_youtube_w2,0.009394711210875206,0.021805368329307993,-0.03334381071456846,0.052133233136318874,0.6665818341663456,0.061089597586897935,2713,,0.9798246057354336,
study3,Study 3 – Minimum Wage (YouGov),media,Media trust,moderates_liberal_seed,Moderates (liberal seed),True,fabricate_majornews_w2,0.0012635189477910869,0.019085880716809396,-0.036144807257155326,0.0386718451527375,0.9472171933545648,0.05347072129088054,2713,,0.9798246057354336,
study3,Study 3 – Minimum Wage (YouGov),media,Media trust,moderates_liberal_seed,Moderates (liberal seed),True,fabricate_youtube_w2,0.008271971046655113,0.017905520274674323,-0.026822848691706556,0.04336679078501678,0.6440965123624336,0.05016384092414963,2713,,0.9798246057354336,
study3,Study 3 – Minimum Wage (YouGov),media,Media trust,moderates_conservative_seed,Moderates (conservative seed),True,trust_majornews_w2,-0.0223611906297686,0.02024674804238275,-0.06204481679283879,0.017322435533301588,0.2694050536636077,0.05672299003039718,2713,,0.9798246057354336,
study3,Study 3 – Minimum Wage (YouGov),media,Media trust,moderates_conservative_seed,Moderates (conservative seed),True,trust_youtube_w2,-0.018764103366185725,0.02246706541030155,-0.06279955157037675,0.025271344838005312,0.403614873406122,0.06294339834787799,2713,,0.9798246057354336,
study3,Study 3 – Minimum Wage (YouGov),media,Media trust,moderates_conservative_seed,Moderates (conservative seed),True,fabricate_majornews_w2,-0.013151453978269334,0.018038536625081265,-0.048506985763428614,0.022204077806889946,0.4659555186843922,0.05053649756521705,2713,,0.9798246057354336,
study3,Study 3 – Minimum Wage (YouGov),media,Media trust,moderates_conservative_seed,Moderates (conservative seed),True,fabricate_youtube_w2,-0.028072101223612367,0.018652330805537947,-0.06463066960246674,0.008486467155242011,0.1323193440447472,0.05225609426814826,2713,,0.9798246057354336,
study3,Study 3 – Minimum Wage (YouGov),media,Media trust,moderates_seed_diff_31,Moderates seed contrast (recsys 31),False,trust_majornews_w2,-0.023792957350191823,0.018895383587914726,-0.060827909182504684,0.013241994482121038,0.2079601973427725,0.05293702735047627,2713,,0.9798246057354336,
study3,Study 3 – Minimum Wage (YouGov),media,Media trust,moderates_seed_diff_31,Moderates seed contrast (recsys 31),False,trust_youtube_w2,-0.00835989116466862,0.02264196976709556,-0.05273815190817591,0.03601836957883867,0.7119629896207014,0.06343340780845563,2713,,0.9798246057354336,
study3,Study 3 – Minimum Wage (YouGov),media,Media trust,moderates_seed_diff_31,Moderates seed contrast (recsys 31),False,fabricate_majornews_w2,-0.01205802941401779,0.01855972279270491,-0.04843508608771941,0.02431902725968383,0.5158937687123997,0.051996645028316406,2713,,0.9798246057354336,
study3,Study 3 – Minimum Wage (YouGov),media,Media trust,moderates_seed_diff_31,Moderates seed contrast (recsys 31),False,fabricate_youtube_w2,-0.024060566503045666,0.017503915592111105,-0.05836824106358343,0.0102471080574921,0.1692610863676618,0.04903871118195557,2713,,0.9798246057354336,
study3,Study 3 – Minimum Wage (YouGov),media,Media trust,moderates_seed_diff_22,Moderates seed contrast (recsys 22),False,trust_majornews_w2,0.004322433776073442,0.020741450586217906,-0.03633080937291365,0.044975676925060534,0.8349198380416114,0.058108941364568636,2713,,0.9798246057354336,
study3,Study 3 – Minimum Wage (YouGov),media,Media trust,moderates_seed_diff_22,Moderates seed contrast (recsys 22),False,trust_youtube_w2,0.01979892341239231,0.021656627361980808,-0.02264806621709007,0.06224591304187469,0.36060121957288027,0.06067288709150627,2713,,0.9798246057354336,
study3,Study 3 – Minimum Wage (YouGov),media,Media trust,moderates_seed_diff_22,Moderates seed contrast (recsys 22),False,fabricate_majornews_w2,0.0023569435120426308,0.018572626979721975,-0.03404540536821244,0.0387592923922977,0.8990162589113868,0.052032797207915184,2713,,0.9798246057354336,
study3,Study 3 – Minimum Wage (YouGov),media,Media trust,moderates_seed_diff_22,Moderates seed contrast (recsys 22),False,fabricate_youtube_w2,0.012283505767221814,0.019091328151079254,-0.025135497408893523,0.04970250894333715,0.5199596484912705,0.053485982742207616,2713,,0.9798246057354336,
study3,Study 3 – Minimum Wage (YouGov),affective,Affective polarization,ideologues_liberal,Ideologues (liberal),True,affpol_ft_w2,1.0848465280211883,1.1406261944533913,-1.1507808131074588,3.3204738691498354,0.34155497002673707,3.195561485773069,2134,,0.760925617094685,
study3,Study 3 – Minimum Wage (YouGov),affective,Affective polarization,ideologues_liberal,Ideologues (liberal),True,affpol_smart_w2,-0.0060086611149063884,0.015199668605234718,-0.035800011581166434,0.023782689351353657,0.6926102306424102,0.04258316688464134,2154,,0.760925617094685,
study3,Study 3 – Minimum Wage (YouGov),affective,Affective polarization,ideologues_liberal,Ideologues (liberal),True,affpol_comfort_w2,-0.005782526957268441,0.015269032779480584,-0.03570983120505039,0.024144777290513505,0.704903637472152,0.04277749652987517,2154,,0.760925617094685,
study3,Study 3 – Minimum Wage (YouGov),affective,Affective polarization,ideologues_conservative,Ideologues (conservative),True,affpol_ft_w2,-1.7211164867186852,1.3635249523828996,-4.3936253933891685,0.951392419951798,0.2068569649492087,3.82003135112412,2134,,0.760925617094685,
study3,Study 3 – Minimum Wage (YouGov),affective,Affective polarization,ideologues_conservative,Ideologues (conservative),True,affpol_smart_w2,0.03629988542690604,0.01689854401921744,0.0031787391492398565,0.06942103170457223,0.031705234045611874,0.047342711131870885,2154,,0.760925617094685,
study3,Study 3 – Minimum Wage (YouGov),affective,Affective polarization,ideologues_conservative,Ideologues (conservative),True,affpol_comfort_w2,0.024343765520321137,0.016632154350484537,-0.008255257006628554,0.05694278804727083,0.1432877494524294,0.04659639777369077,2154,,0.760925617094685,
study3,Study 3 – Minimum Wage (YouGov),affective,Affective polarization,moderates_liberal_seed,Moderates (liberal seed),True,affpol_ft_w2,0.9978824290342985,2.050967292647184,-3.022013464554182,5.017778322622779,0.6265826924649431,5.745959649913524,2134,,0.760925617094685,
study3,Study 3 – Minimum Wage (YouGov),affective,Affective polarization,moderates_liberal_seed,Moderates (liberal seed),True,affpol_smart_w2,-0.003182953521739862,0.025503911910451472,-0.053170620866224746,0.04680471382274502,0.9006798598680439,0.0714513826123761,2154,,0.760925617094685,
study3,Study 3 – Minimum Wage (YouGov),affective,Affective polarization,moderates_liberal_seed,Moderates (liberal seed),True,affpol_comfort_w2,-0.01245621677595976,0.02609744244705837,-0.06360720397219416,0.038694770420274645,0.633151034644696,0.07311420899023266,2154,,0.760925617094685,
study3,Study 3 – Minimum Wage (YouGov),affective,Affective polarization,moderates_conservative_seed,Moderates (conservative seed),True,affpol_ft_w2,-0.24685207655717534,1.8310214461862981,-3.8356541110823197,3.341949957967969,0.8927568847957079,5.129762617683362,2134,,0.760925617094685,
study3,Study 3 – Minimum Wage (YouGov),affective,Affective polarization,moderates_conservative_seed,Moderates (conservative seed),True,affpol_smart_w2,-0.04085429261684387,0.025750243891828267,-0.09132477064482727,0.009616185411139531,0.1126124590396802,0.07214150265014982,2154,,0.760925617094685,
study3,Study 3 – Minimum Wage (YouGov),affective,Affective polarization,moderates_conservative_seed,Moderates (conservative seed),True,affpol_comfort_w2,-0.0234499318619103,0.026140028660689225,-0.07468438803686117,0.027784524313040578,0.36967143421936566,0.07323351789683626,2154,,0.760925617094685,
study3,Study 3 – Minimum Wage (YouGov),affective,Affective polarization,moderates_seed_diff_31,Moderates seed contrast (recsys 31),False,affpol_ft_w2,-0.8481941666134674,1.8844809930152853,-4.541776912923426,2.8453885796964915,0.6526424415834287,5.27953409384647,2134,,0.760925617094685,
study3,Study 3 – Minimum Wage (YouGov),affective,Affective polarization,moderates_seed_diff_31,Moderates seed contrast (recsys 31),False,affpol_smart_w2,-0.029219406650628943,0.024386598683838048,-0.0770171400709515,0.018578326769693627,0.2308489952222521,0.06832113439269383,2154,,0.760925617094685,
study3,Study 3 – Minimum Wage (YouGov),affective,Affective polarization,moderates_seed_diff_31,Moderates seed contrast (recsys 31),False,affpol_comfort_w2,-0.017834328660939536,0.027288348962692856,-0.07131949262781753,0.03565083530593846,0.5134011004050556,0.07645063508058865,2154,,0.760925617094685,
study3,Study 3 – Minimum Wage (YouGov),affective,Affective polarization,moderates_seed_diff_22,Moderates seed contrast (recsys 22),False,affpol_ft_w2,0.39654033897800645,1.9957761617737395,-3.515180938098523,4.308261616054535,0.8425054141297346,5.591336993487544,2134,,0.760925617094685,
study3,Study 3 – Minimum Wage (YouGov),affective,Affective polarization,moderates_seed_diff_22,Moderates seed contrast (recsys 22),False,affpol_smart_w2,0.008451932444475063,0.026750416372155486,-0.04397888364494969,0.060882748533899814,0.7520365328947831,0.07494357108659794,2154,,0.760925617094685,
study3,Study 3 – Minimum Wage (YouGov),affective,Affective polarization,moderates_seed_diff_22,Moderates seed contrast (recsys 22),False,affpol_comfort_w2,-0.006840613574988996,0.024738024174650552,-0.05532714095730408,0.04164591380732609,0.7821469890501553,0.06930568285302224,2154,,0.760925617094685,
